staff_name,email_id,manager_name
Fabiola,fabiola.jackson@bikes.shop,Jackson
Mireya,mireya.copeland@bikes.shop,Copeland
Genna,genna.serrano@bikes.shop,Serrano
Virgie,virgie.wiggins@bikes.shop,Wiggins
Jannette,jannette.david@bikes.shop,David
Marcelene,marcelene.boyer@bikes.shop,Boyer
Venita,venita.daniel@bikes.shop,Daniel
Kali,kali.vargas@bikes.shop,Vargas
Layla,layla.terrell@bikes.shop,Terrell
Bernardine,bernardine.houston@bikes.shop,Houston
